Company_Full_Name,Shariah,Sector,Company_Key
LEAPONETECH SOLUTIONS HOLDINGS BERHAD,No,Software,4144
MAINTHREE-A RESOURCES BERHAD,Yes,Food & Beverages,3778
MAINASTRAL ASIA BERHAD,Yes,Plantation,6365
MAINAIRASIA X BERHAD,Yes,"Travel, Leisure & Hospitality",7622
ETFABF MALAYSIA BOND INDEX FUND,No,Bond Fund,6676
MAINABLE GLOBAL BERHAD,Yes,Food & Beverages,5195
MAINABLEGROUP BERHAD,Yes,Building Materials,8561
MAINALLIANCE BANK MALAYSIA BERHAD,No,Banking,6011
LEAPACE INNOVATE ASIA BERHAD,Yes,Metals,1378
MAINACME HOLDINGS BERHAD,Yes,Property,9264
ACEACO GROUP BERHAD,Yes,Industrial Services,3470
MAINADVANCECON HOLDINGS BERHAD,Yes,Construction,1725
MAINADVENTA BERHAD,Yes,Health Care Equipment & Services,9685
MAINADVANCED PACKAGING TECHNOLOGY (M,Yes,Packaging Materials,2691
MAINAE MULTI HOLDINGS BERHAD,Yes,"Industrial Materials, Components & Equipment",3199
ACEAEMULUS HOLDINGS BERHAD,Yes,Technology Equipment,6259
MAINAEON CO. (M,Yes,Retailers,6578
MAINAEON CREDIT SERVICE (M,No,Other Financials,1180
MAINAFFIN BANK BERHAD,No,Banking,4725
MAINABM FUJIYA BERHAD,Yes,Auto Parts,4613
MAINAGESON BERHAD,Yes,Construction,3167
ACEAGMO HOLDINGS BERHAD,No,Software,1406
MAINAHB HOLDINGS BERHAD,Yes,Consumer Services,8768
MAINAPEX HEALTHCARE BERHAD,Yes,Pharmaceuticals,7183
ACEADVANCE INFORMATION MARKETING BERHAD,Yes,Industrial Services,7640
ACEAIMFLEX BERHAD,Yes,Technology Equipment,4090
MAINMALAYSIA AIRPORTS HOLDINGS BERHAD,No,Transportation & Logistics Services,2705
MAINAJINOMOTO (MALAYSIA,Yes,Food & Beverages,2023
MAINAJIYA BERHAD,Yes,Building Materials,1108
MAINALAM MARITIM RESOURCES BERHAD,Yes,"Energy Infrastructure, Equipment & Services",1615
MAINAL-`AQAR HEALTHCARE REIT,Yes,Real Estate Investment Trusts,1202
MAINALCOM GROUP BERHAD,No,Metals,8417
MAINALLIANZ MALAYSIA BERHAD,No,Insurance,9001
ACEALDRICH RESOURCES BERHAD,Yes,Software,5190
MAINAL-SALAM REAL ESTATE INVESTMENT TRUST,Yes,Real Estate Investment Trusts,3291
MAINAMMB HOLDINGS BERHAD,No,Banking,5684
MAINAME ELITE CONSORTIUM BERHAD,Yes,Construction,9097
MAINASIA MEDIA GROUP BERHAD,Yes,Media,9967
MAINAME REAL ESTATE INVESTMENT TRUST,Yes,Real Estate Investment Trusts,3270
MAINAMFIRST REAL ESTATE INVESTMENT TRUST,No,Real Estate Investment Trusts,6968
LEAPAMLEX HOLDINGS BERHAD,Yes,Semiconductors,8148
MAINAMTEL HOLDINGS BERHAD,Yes,Telecommunications Equipment,1617
MAINAMWAY (MALAYSIA,Yes,Retailers,4452
MAINANALABS RESOURCES BERHAD,No,Industrial Services,6541
ACEANCOM LOGISTICS BERHAD,Yes,Transportation & Logistics Services,2770
MAINANCOM NYLEX BERHAD,Yes,Chemicals,1280
ACEANEKA JARINGAN HOLDINGS BERHAD,Yes,Construction,6161
MAINANN JOO RESOURCES BERHAD,Yes,Metals,8468
MAINANNUM BERHAD,Yes,Wood & Wood Products,7105
MAINANZO HOLDINGS BERHAD,Yes,Wood & Wood Products,4534
LEAPALPHA OCEAN RESOURCES BERHAD,Yes,Agricultural Products,9368
MAINAPB RESOURCES BERHAD,Yes,Industrial Engineering,2163
MAINAPEX EQUITY HOLDINGS BERHAD,No,Other Financials,4761
MAINAPM AUTOMOTIVE HOLDINGS BERHAD,Yes,Auto Parts,9438
MAINAPOLLO FOOD HOLDINGS BERHAD,Yes,Food & Beverages,2315
ACEAPPASIA BERHAD,No,Software,4638
MAINA-RANK BERHAD,Yes,Metals,3242
MAINARB BERHAD,Yes,Software,4564
MAINARK RESOURCES HOLDINGS BERHAD,Yes,Property,5229
MAINBUMI ARMADA BERHAD,No,"Energy Infrastructure, Equipment & Services",4270
MAINAMANAHRAYA REAL ESTATE INVESTMENT TRUST,No,Real Estate Investment Trusts,3232
ACEARTRONIQ BERHAD,Yes,Chemicals,9735
MAINADVANCE SYNERGY BERHAD,Yes,"Travel, Leisure & Hospitality",2064
ACEASDION BERHAD,Yes,Software,3163
MAINASIA BRANDS BERHAD,Yes,Personal Goods,2515
MAINASIA FILE CORPORATION BHD,No,Consumer Services,2650
MAINASIAN PAC HOLDINGS BERHAD,No,Property,1112
ACEASIA POLY HOLDINGS BERHAD,Yes,Chemicals,6251
MAINASTINO BERHAD,Yes,Building Materials,1601
LEAPASTRAMINA GROUP BERHAD,No,Food & Beverages,4686
MAINASTRO MALAYSIA HOLDINGS BERHAD,No,Media,5750
ACEAT SYSTEMATIZATION BERHAD,Yes,"Industrial Materials, Components & Equipment",8222
MAINATA IMS BERHAD,Yes,"Industrial Materials, Components & Equipment",8515
MAINAURELIUS TECHNOLOGIES BERHAD,Yes,"Industrial Materials, Components & Equipment",7875
MAINATLAN HOLDINGS BHD.,No,Retailers,8162
MAINATRIUM REAL ESTATE INVESTMENT TRUST,No,Real Estate Investment Trusts,3707
MAINATTA GLOBAL GROUP BERHAD,Yes,Metals,8508
LEAPAURORA ITALIA INTERNATIONAL BERHAD,Yes,Personal Goods,8907
MAINAVILLION BERHAD,Yes,"Travel, Leisure & Hospitality",3174
MAINAWANBIRU TECHNOLOGY BERHAD,Yes,Digital Services,1676
MAINAWC BERHAD,Yes,Industrial Services,6110
MAINAXIATA GROUP BERHAD,Yes,Telecommunications Service Providers,4946
MAINAXIS REAL ESTATE INVESTMENT TRUST,Yes,Real Estate Investment Trusts,4044
MAINAXTERIA GROUP BERHAD,Yes,Property,7672
MAINAYER HOLDINGS BERHAD,Yes,Property,1794
MAINAYS VENTURES BERHAD,Yes,Building Materials,4854
MAINAHMAD ZAKI RESOURCES BERHAD,Yes,Construction,1707
LEAPBABA ECO GROUP BERHAD,Yes,Household Goods,5969
ACEBAHVEST RESOURCES BERHAD,Yes,Agricultural Products,5845
MAINBARAKAH OFFSHORE PETROLEUM BERHAD,Yes,"Energy Infrastructure, Equipment & Services",9637
MAINBRITISH AMERICAN TOBACCO (MALAYSIA,No,Personal Goods,6377
MAINBERMAZ AUTO BERHAD,Yes,Automotive,5681
MAINBCB BERHAD,Yes,Property,3542
ACEBCM ALLIANCE BERHAD,No,Industrial Services,5720
MAINBINA DARULAMAN BERHAD,Yes,Property,4934
MAINBENALEC HOLDINGS BERHAD,Yes,Construction,2410
MAINBERTAM ALLIANCE BERHAD,Yes,Property,8144
MAINBESHOM HOLDINGS BERHAD,No,Retailers,7135
MAINBOUSTEAD HEAVY INDUSTRIES CORPORATION BHD,Yes,Transportation Equipment,5029
MAINB.I.G. INDUSTRIES BERHAD,Yes,Diversified Industrials,2177
MAINBIMB HOLDINGS BERHAD,Yes,Banking,9041
ACEBINASAT COMMUNICATIONS BERHAD,Yes,Telecommunications Service Providers,1012
MAINBINTAI KINDEN CORPORATION BERHAD,Yes,Industrial Engineering,9645
ACEBIOALPHA HOLDINGS BERHAD,Yes,Food & Beverages,5646
MAINBINTULU PORT HOLDINGS BERHAD,Yes,Transportation & Logistics Services,8182
MAINBERJAYA ASSETS BERHAD,No,Property,2027
MAINBERJAYA CORPORATION BERHAD,No,Diversified Industrials,5692
MAINBERJAYA FOOD BERHAD,Yes,"Travel, Leisure & Hospitality",8556
MAINBERJAYA LAND BERHAD,No,"Travel, Leisure & Hospitality",3350
MAINBATU KAWAN BERHAD,Yes,Plantation,9344
MAINBLD PLANTATION BHD.,Yes,Plantation,1073
MAINBOILERMECH HOLDINGS BERHAD,Yes,"Industrial Materials, Components & Equipment",6314
MAINBONIA CORPORATION BERHAD,Yes,Personal Goods,1686
MAINBORNEO OIL BERHAD,Yes,Industrial Services,8553
MAINBOX-PAK (MALAYSIA,No,Packaging Materials,2778
MAINBOUSTEAD PLANTATIONS BERHAD,Yes,Plantation,3614
MAINBP PLASTICS HOLDING BHD,Yes,Packaging Materials,2264
MAINBINA PURI HOLDINGS BHD,Yes,Construction,9018
MAINBRIGHT PACKAGING INDUSTRY BERHAD,No,Packaging Materials,5703
MAINBSL CORPORATION BERHAD,Yes,Metals,3767
MAINBOUSTEAD HOLDINGS BERHAD,Yes,Diversified Industrials,3185
ACEBRITE-TECH BERHAD,Yes,"Gas, Water & Multi-utilities",7729
MAINBTM RESOURCES BERHAD,Yes,Wood & Wood Products,5543
MAINBURSA MALAYSIA BERHAD,Yes,Other Financials,5593
LEAPBV LAND HOLDINGS BERHAD,Yes,Construction,2452
MAINCAB CAKARAN CORPORATION BERHAD,Yes,Agricultural Products,3748
ACECABNET HOLDINGS BERHAD,Yes,Technology Equipment,8751
MAINCAELY HOLDINGS BHD,Yes,Personal Goods,5668
MAINCAM RESOURCES BERHAD,Yes,Household Goods,6039
MAINCAN-ONE BERHAD,No,Packaging Materials,3328
MAINCHINA AUTOMOBILE PARTS HOLDINGS LIMITED,No,Auto Parts,7486
MAINCAPITAL A BERHAD,Yes,"Travel, Leisure & Hospitality",8205
MAINCAREPLUS GROUP BERHAD,Yes,Health Care Equipment & Services,9244
MAINCARIMIN PETROLEUM BERHAD,Yes,"Energy Infrastructure, Equipment & Services",8078
MAINCARLSBERG BREWERY MALAYSIA BERHAD,No,Food & Beverages,6942
LEAPCARZO HOLDINGS BERHAD,Yes,Food & Beverages,9968
ACECATCHA DIGITAL BERHAD,No,Media,2979
MAINCB INDUSTRIAL PRODUCT HOLDING BERHAD,Yes,"Industrial Materials, Components & Equipment",6596
LEAPCC INTERNATIONAL BERHAD,No,Consumer Services,7721
MAINCCK CONSOLIDATED HOLDINGS BERHAD,Yes,Food & Beverages,9447
ACECEKD BERHAD,Yes,"Industrial Materials, Components & Equipment",4606
ACECENGILD MEDICAL BERHAD,Yes,Health Care Providers,1709
MAINCENSOF HOLDINGS BERHAD,Yes,Software,4441
MAINCEPATWAWASAN GROUP BERHAD,Yes,Plantation,2569
MAINCONCRETE ENGINEERING PRODUCTS BERHAD,Yes,Building Materials,4272
LEAPCE TECHNOLOGY BERHAD,Yes,Industrial Services,6104
MAINCOMPUTER FORMS (MALAYSIA,Yes,Industrial Services,2097
MAINCENTRAL GLOBAL BERHAD,Yes,Packaging Materials,2719
MAINCHEETAH HOLDINGS BERHAD,No,Personal Goods,7072
MAINCHIN HIN GROUP PROPERTY BERHAD,Yes,Transportation Equipment,6148
MAINCOUNTRY HEIGHTS HOLDINGS BHD,Yes,Property,6808
MAINCHIN HIN GROUP BERHAD,Yes,Building Materials,5042
MAINCHIN TECK PLANTATIONS BERHAD,No,Plantation,4682
MAINCHIN WELL HOLDINGS BERHAD,Yes,"Industrial Materials, Components & Equipment",6156
MAINCHOO BEE METAL INDUSTRIES BHD,Yes,Metals,6421
MAINCHUAN HUAT RESOURCES BHD,Yes,Building Materials,6850
MAINC.I. HOLDINGS BERHAD,Yes,Food & Beverages,1258
MAINCIMB GROUP HOLDINGS BERHAD,No,Banking,1843
MAINCITAGLOBAL BERHAD,Yes,Metals,5477
MAINCJ CENTURY LOGISTICS HOLDINGS BERHAD,Yes,Transportation & Logistics Services,9000
MAINCAPITALAND MALAYSIA TRUST,No,Real Estate Investment Trusts,6379
LEAPCLOUDARON GROUP BERHAD,Yes,Digital Services,6413
MAINCME GROUP BERHAD,Yes,Industrial Services,8651
MAINCAHYA MATA SARAWAK BERHAD,Yes,Building Materials,7208
MAINCN ASIA CORPORATION BHD,No,"Industrial Materials, Components & Equipment",2865
ACECNERGENZ BERHAD,Yes,Technology Equipment,7456
MAINCITRA NUSA HOLDINGS BERHAD,Yes,Consumer Services,4363
MAINCHINA OUHUA WINERY HOLDINGS LIMITED,No,Food & Beverages,7492
MAINCOASTAL CONTRACTS BHD,No,"Energy Infrastructure, Equipment & Services",5729
MAINCOCOALAND HOLDINGS BERHAD,Yes,Food & Beverages,9169
MAINCOMINTEL CORPORATION BHD,No,"Industrial Materials, Components & Equipment",1302
MAINCOMFORT GLOVES BERHAD,Yes,"Industrial Materials, Components & Equipment",3735
MAINCOMPUGATES HOLDINGS BERHAD,Yes,Industrial Services,3529
ACECORAZA INTEGRATED TECHNOLOGY BERHAD,Yes,Industrial Engineering,2712
MAINCREST BUILDER HOLDINGS BERHAD,Yes,Construction,8498
MAINCRESCENDO CORPORATION BERHAD,Yes,Property,4768
LEAPCRG INCORPORATED BERHAD,Yes,Personal Goods,3761
MAINCLASSIC SCENIC BERHAD,Yes,Household Goods,4677
MAINCSC STEEL HOLDINGS BERHAD,Yes,Metals,5132
MAINCSH ALLIANCE BERHAD,No,Building Materials,1420
MAINCTOS DIGITAL BERHAD,Yes,Digital Services,6870
MAINCUSCAPI BERHAD,Yes,Software,8078
MAINCOUNTRY VIEW BERHAD,Yes,Property,3468
MAINCWG HOLDINGS BERHAD,Yes,Consumer Services,3038
MAINCYL CORPORATION BERHAD,Yes,Packaging Materials,7316
MAINCYPARK RESOURCES BERHAD,Yes,Industrial Services,5327
MAIND&O GREEN TECHNOLOGIES BERHAD,Yes,Semiconductors,7741
MAINDANCOMECH HOLDINGS BERHAD,Yes,"Industrial Materials, Components & Equipment",5231
MAINDATAPREP HOLDINGS BHD,Yes,Digital Services,7617
MAINDAYANG ENTERPRISE HOLDINGS BERHAD,Yes,"Energy Infrastructure, Equipment & Services",8413
MAINDAMANSARA HOLDINGS BERHAD,Yes,Property,8618
MAINDELEUM BERHAD,No,"Energy Infrastructure, Equipment & Services",2640
MAINDESTINI BERHAD,Yes,Industrial Engineering,7274
MAINDFCITY GROUP BERHAD,Yes,Building Materials,5166
ACEDIVFEX BERHAD,No,Digital Services,2715
ACEDGB ASIA BERHAD,No,Software,8095
MAINDIALOG GROUP BERHAD,Yes,"Energy Infrastructure, Equipment & Services",3899
MAINDIGI.COM BERHAD,Yes,Telecommunications Service Providers,3883
MAINDIGISTAR CORPORATION BERHAD,No,Digital Services,1370
DANAINFRA NASIONAL-ETBS 4%0223,Yes,Islamic-gg,8560
DANAINFRA NASIONAL-ETBS4.58%1028,Yes,Islamic-gg,1581
MAINDKLS INDUSTRIES BHD,Yes,Construction,9714
MAINDKSH HOLDINGS (MALAYSIA,Yes,Consumer Services,9838
MAINDUTCH LADY MILK INDUSTRIES BERHAD,Yes,Food & Beverages,7667
MAINDAGANG NEXCHANGE BERHAD,Yes,Digital Services,1718
MAIND'NONCE TECHNOLOGY BHD,Yes,Packaging Materials,5839
MAINDOLOMITE CORPORATION BERHAD,No,Building Materials,5077
MAINDOLPHIN INTERNATIONAL BERHAD,No,"Industrial Materials, Components & Equipment",7000
MAINDOMINANT ENTERPRISE BERHAD,Yes,Wood & Wood Products,6297
MAINDUOPHARMA BIOTECH BERHAD,Yes,Pharmaceuticals,7023
ACEDPI HOLDINGS BERHAD,No,Household Goods,2318
MAINDPS RESOURCES BERHAD,Yes,Property,4513
MAINDRB-HICOM BERHAD,Yes,Automotive,3011
MAINDATASONIC GROUP BERHAD,Yes,Digital Services,2830
LEAPDSR TAIKO BERHAD,No,Plantation,9153
MAINDUFU TECHNOLOGY CORP. BERHAD,Yes,"Industrial Materials, Components & Equipment",3152
MAINDUTALAND BERHAD,No,Plantation,2132
LEAPDYNAFRONT HOLDINGS BERHAD,No,Software,9891
MAINEASTERN & ORIENTAL BERHAD,Yes,Property,4637
ACEEA HOLDINGS BERHAD,No,Digital Services,1416
MAINE.A.TECHNIQUE (M,Yes,Transportation & Logistics Services,9481
MAINECM LIBRA GROUP BERHAD,No,Other Financials,6598
MAINECOFIRST CONSOLIDATED BHD,Yes,Property,7350
MAINECOBUILT HOLDINGS BERHAD,Yes,Telecommunications Service Providers,7186
ACEECOMATE HOLDINGS BERHAD,Yes,Household Goods,5243
MAINECONPILE HOLDINGS BERHAD,Yes,Construction,7510
MAINECO WORLD DEVELOPMENT GROUP BERHAD,Yes,Property,6279
MAINEDARAN BERHAD,Yes,Technology Equipment,3690
MAINEDEN INC. BERHAD,Yes,Electricity,1434
MAINUEM EDGENTA BERHAD,Yes,Industrial Services,5091
ACEEDUSPEC HOLDINGS BERHAD,Yes,Software,2773
MAINEFFICIENT E-SOLUTIONS BERHAD,No,Industrial Services,9012
MAINEXCEL FORCE MSC BERHAD,Yes,Software,2729
ACEECONFRAME BERHAD,No,Building Materials,8475
MAINEG INDUSTRIES BERHAD,Yes,"Industrial Materials, Components & Equipment",3765
ACEECOSCIENCE INTERNATIONAL BERHAD,Yes,Industrial Engineering,6037
MAINESTHETICS INTERNATIONAL GROUP BERHAD,Yes,Personal Goods,1774
MAINEITA RESOURCES BERHAD,Yes,"Industrial Materials, Components & Equipment",3251
MAINEKOVEST BERHAD,Yes,Construction,4418
MAINEKSONS CORPORATION BERHAD,No,Wood & Wood Products,3403
MAINELK-DESA RESOURCES BERHAD,No,Other Financials,3959
MAINELSOFT RESEARCH BERHAD,Yes,Technology Equipment,1005
MAINEONMETALL GROUP BERHAD,Yes,Metals,6880
MAINEMICO HOLDINGS BERHAD,Yes,Consumer Services,1355
MAINENCORP BERHAD,Yes,Property,6190
LEAPENEST GROUP BERHAD,Yes,Consumer Services,7726
MAINENG KAH CORPORATION BERHAD,Yes,Household Goods,7865
MAINENGTEX GROUP BERHAD,Yes,Metals,1501
MAINENRA GROUP BERHAD,Yes,Property,1763
MAINEP MANUFACTURING BHD,Yes,Auto Parts,8127
ACEEVERSAFE RUBBER BERHAD,Yes,Auto Parts,4994
ACEES CERAMICS TECHNOLOGY BHD,Yes,"Industrial Materials, Components & Equipment",2257
LEAPEQUITIESTRACKER HOLDINGS BERHAD,No,Consumer Services,2694
MAINEUPE CORPORATION BERHAD,Yes,Property,2251
MAINEURO HOLDINGS BERHAD,Yes,Consumer Services,3992
MAINEUROSPAN HOLDINGS BERHAD,Yes,Household Goods,2706
ACEEVD BERHAD,No,Software,6482
MAINEVERGREEN FIBREBOARD BERHAD,Yes,Wood & Wood Products,9489
MAINEWEIN BERHAD,Yes,Property,1989
MAINECO WORLD INTERNATIONAL BERHAD,Yes,Property,6436
MAINFRASER & NEAVE HOLDINGS BHD,Yes,Food & Beverages,2705
MAINFACB INDUSTRIES INCORPORATED BERHAD,No,Metals,5717
MAINFAJARBARU BUILDER GROUP BHD,Yes,Construction,6732
MAINFAR EAST HOLDINGS BERHAD,Yes,Plantation,7564
MAINFARLIM GROUP (MALAYSIA,Yes,Property,8480
ACEFAST ENERGY HOLDINGS BERHAD,No,"Industrial Materials, Components & Equipment",5388
MAINFAVELLE FAVCO BERHAD,Yes,Industrial Engineering,7745
LEAPFIBROMAT (M,Yes,Industrial Services,4506
MAINFCW HOLDINGS BERHAD,No,Household Goods,2953
MAINFARM FRESH BERHAD,Yes,Food & Beverages,4502
MAINFGV HOLDINGS BERHAD,Yes,Plantation,2113
MAINFIAMMA HOLDINGS BERHAD,Yes,Household Goods,5518
MAINFIBON BERHAD,No,"Industrial Materials, Components & Equipment",6636
MAINFEDERAL INTERNATIONAL HOLDINGS BERHAD,Yes,Household Goods,6670
MAINFIMA CORPORATION BERHAD,Yes,Industrial Services,9995
ACEFINTEC GLOBAL BERHAD,No,Other Financials,5198
MAINFITTERS DIVERSIFIED BERHAD,Yes,"Industrial Materials, Components & Equipment",3290
MAINFOCUS LUMBER BERHAD,No,Wood & Wood Products,9682
ACEFLEXIDYNAMIC HOLDINGS BERHAD,Yes,Industrial Services,3336
MAINFM GLOBAL LOGISTICS HOLDINGS BERHAD,Yes,Transportation & Logistics Services,6919
ACEFOCUS DYNAMICS GROUP BERHAD,No,"Travel, Leisure & Hospitality",5439
ACEFOCUS POINT HOLDINGS BERHAD,Yes,Personal Goods,3607
MAINFOUNDPAC GROUP BERHAD,Yes,"Industrial Materials, Components & Equipment",2003
MAINFORMOSA PROSONIC INDUSTRIES BERHAD,Yes,Household Goods,4122
MAINFRONTKEN CORPORATION BERHAD,Yes,Semiconductors,2432
MAINFSBM HOLDINGS BERHAD,Yes,Technology Equipment,6540
MAING3 GLOBAL BERHAD,Yes,Personal Goods,3175
MAINGADANG HOLDINGS BHD,Yes,Construction,3114
MAINGAMUDA BERHAD,Yes,Construction,8589
MAINGAS MALAYSIA BERHAD,Yes,"Gas, Water & Multi-utilities",3760
MAINGABUNGAN AQRS BERHAD,Yes,Construction,7843
MAING CAPITAL BERHAD,Yes,Transportation & Logistics Services,1205
MAINGUAN CHONG BERHAD,Yes,Food & Beverages,7011
MAINGRAND CENTRAL ENTERPRISES BHD,No,"Travel, Leisure & Hospitality",4057
MAINGDB HOLDINGS BERHAD,Yes,Construction,8515
MAINGDEX BERHAD,Yes,Transportation & Logistics Services,1840
ACEGENETEC TECHNOLOGY BERHAD,Yes,Technology Equipment,9507
MAINGENTING MALAYSIA BERHAD,No,"Travel, Leisure & Hospitality",7891
MAINGENTING PLANTATIONS BERHAD,Yes,Plantation,7973
MAINGENTING BERHAD,No,"Travel, Leisure & Hospitality",6894
MAINGE-SHEN CORPORATION BERHAD,No,"Industrial Materials, Components & Equipment",7350
ACEGFM SERVICES BERHAD,Yes,Industrial Services,6736
MAINGHL SYSTEMS BERHAD,Yes,Digital Services,3121
MAINGIIB HOLDINGS BERHAD,Yes,Auto Parts,2823
MAINGEORGE KENT (MALAYSIA,Yes,Construction,7003
MAINGOLDEN LAND BERHAD,Yes,Plantation,6519
MAINGLOMAC BERHAD,Yes,Property,4814
MAINGLOBALTEC FORMATION BERHAD,Yes,"Industrial Materials, Components & Equipment",6280
MAINGROMUTUAL BERHAD,Yes,Property,7275
ACEG NEPTUNE BERHAD,No,Software,8287
MAINGLOBAL ORIENTAL BERHAD,Yes,Property,8078
ACEGREEN OCEAN CORPORATION BERHAD,No,Food & Beverages,9238
ETFTRADEPLUS SHARIAH GOLD TRACKER,Yes,Commodity Fund,6350
MAINGOPENG BERHAD,Yes,Plantation,4376
MAINGREEN PACKET BERHAD,Yes,Telecommunications Service Providers,4295
MAINGOLDEN PHAROS BERHAD,Yes,Wood & Wood Products,6644
LEAPGPP RESOURCES BERHAD,Yes,Industrial Services,3287
MAINGREATECH TECHNOLOGY BERHAD,Yes,Technology Equipment,1399
MAINGREENYIELD BERHAD,Yes,Agricultural Products,5532
MAINGLOBETRONICS TECHNOLOGY BERHAD,Yes,Semiconductors,6145
MAINGUH HOLDINGS BERHAD,Yes,"Industrial Materials, Components & Equipment",5868
MAINGUOCOLAND (MALAYSIA,Yes,Property,2475
ACEHAILY GROUP BERHAD,Yes,Construction,1878
MAINHANDAL ENERGY BERHAD,Yes,"Energy Infrastructure, Equipment & Services",4498
MAINHAP SENG CONSOLIDATED BERHAD,No,Diversified Industrials,9267
MAINHARBOUR-LINK GROUP BERHAD,Yes,Transportation & Logistics Services,2417
MAINHARRISONS HOLDINGS (MALAYSIA,No,Food & Beverages,8682
MAINHARN LEN CORPORATION BHD,Yes,Plantation,3012
MAINHARTALEGA HOLDINGS BERHAD,Yes,Health Care Equipment & Services,4185
MAINHB GLOBAL LIMITED,No,Food & Beverages,5860
MAINHCK CAPITAL GROUP BERHAD,Yes,Property,4535
MAINHEINEKEN MALAYSIA BERHAD,No,Food & Beverages,8584
MAINHEKTAR REAL ESTATE INVESTMENT TRUST,No,Real Estate Investment Trusts,4490
MAINHENGYUAN REFINING COMPANY BERHAD,Yes,Oil & Gas Producers,5094
MAINHEVEABOARD BERHAD,Yes,Wood & Wood Products,1098
MAINHEXTAR HEALTHCARE BERHAD,No,"Industrial Materials, Components & Equipment",1658
ACEHEXTAR INDUSTRIES BERHAD,Yes,"Industrial Materials, Components & Equipment",8092
MAINHEXTAR GLOBAL BERHAD,Yes,Chemicals,6095
MAINHEXTAR TECHNOLOGIES SOLUTIONS BERHAD,No,Transportation & Logistics Services,2262
MAINHEXZA CORPORATION BERHAD,No,Chemicals,6068
ACEHENG HUAT RESOURCES GROUP BERHAD,Yes,"Industrial Materials, Components & Equipment",1727
ACEHIAP HUAT HOLDINGS BERHAD,Yes,Industrial Services,5613
MAINHIAP TECK VENTURE BERHAD,Yes,Metals,4802
MAINHIBISCUS PETROLEUM BERHAD,Yes,Oil & Gas Producers,4915
MAINKUMPULAN H & L HIGH-TECH BERHAD,Yes,Industrial Engineering,3920
MAINHIL INDUSTRIES BERHAD,Yes,Chemicals,4833
MAINHONG LEONG BANK BERHAD,No,Banking,2209
MAINHONG LEONG CAPITAL BERHAD,No,Other Financials,2704
MAINHONG LEONG FINANCIAL GROUP BERHAD,No,Banking,1984
MAINHONG LEONG INDUSTRIES BERHAD,Yes,Automotive,7607
ACEHLT GLOBAL BERHAD,No,"Industrial Materials, Components & Equipment",2544
ACEHARVEST MIRACLE CAPITAL BERHAD,Yes,Technology Equipment,4775
MAINHO HUP CONSTRUCTION COMPANY BHD,Yes,Construction,6762
MAINHOMERITZ CORPORATION BERHAD,Yes,Household Goods,3853
MAINHONG SENG CONSOLIDATED BERHAD,Yes,Software,4969
MAINHPMT HOLDINGS BERHAD,Yes,"Industrial Materials, Components & Equipment",1039
ACEHPP HOLDINGS BERHAD,Yes,Packaging Materials,9200
MAINHAP SENG PLANTATIONS HOLDINGS BERHAD,Yes,Plantation,6883
MAINHSS ENGINEERS BERHAD,Yes,Industrial Engineering,9991
MAINHEITECH PADU BERHAD,Yes,Digital Services,9819
MAINHUA YANG BERHAD,Yes,Property,8441
MAINHUBLINE BERHAD,Yes,Transportation & Logistics Services,5004
MAINHUME CEMENT INDUSTRIES BERHAD,No,Building Materials,1550
MAINHUP SENG INDUSTRIES BERHAD,Yes,Food & Beverages,7304
MAINHWA TAI INDUSTRIES BERHAD,Yes,Food & Beverages,2508
MAINHO WAH GENTING BERHAD,Yes,"Industrial Materials, Components & Equipment",7530
MAINI-BERHAD,No,Property,3626
MAINIBRACO BERHAD,Yes,Property,8667
MAINICAPITAL.BIZ BERHAD,No,Closed End Fund,1313
MAINICON OFFSHORE BERHAD,Yes,"Energy Infrastructure, Equipment & Services",6729
MAINICONIC WORLDWIDE BERHAD,Yes,"Travel, Leisure & Hospitality",5882
LEAPICT ZONE ASIA BERHAD,Yes,Technology Equipment,9393
LEAPIDB TECHNOLOGIES BERHAD,No,Software,2458
MAINIDEAL CAPITAL BERHAD,Yes,Property,8149
ACEIFCA MSC BERHAD,Yes,Software,4166
MAINIGB BERHAD,No,Property,6637
MAINIGB COMMERCIAL REAL ESTATE INVESTMENT TRUST,No,Real Estate Investment Trusts,3119
MAINIGB REAL ESTATE INVESTMENT TRUST,No,Real Estate Investment Trusts,6465
MAININFRAHARTA HOLDINGS BERHAD,Yes,Construction,7406
MAINIHH HEALTHCARE BERHAD,Yes,Health Care Providers,2333
IHSAN SUKUK-ETBS 4.60%0824,Yes,Islamic-gg,5227
MAINIJM CORPORATION BERHAD,Yes,Construction,1690
MAINILB GROUP BERHAD,No,Transportation & Logistics Services,7154
MAINIMASPRO CORPORATION BERHAD,Yes,Chemicals,6379
MAINIMPIANA HOTELS BERHAD,No,Food & Beverages,6046
MAININARI AMERTRON BERHAD,Yes,Semiconductors,2615
MAININCH KENNETH KAJANG RUBBER PUBLIC LTD CO,Yes,Plantation,9208
ACEINFOLINE TEC GROUP BERHAD,No,Digital Services,8429
MAININGENIEUR GUDANG BERHAD,Yes,Metals,4270
MAININNATURE BERHAD,Yes,Personal Goods,9832
ACEINNITY CORPORATION BERHAD,No,Media,8919
MAININNOPRISE PLANTATIONS BERHAD,Yes,Plantation,2806
MAININSAS BERHAD,No,Other Financials,3573
MAININTA BINA GROUP BERHAD,Yes,Construction,6385
MAINIOI CORPORATION BERHAD,Yes,Plantation,6966
MAINIOI PROPERTIES GROUP BERHAD,Yes,Property,2103
MAINIQ GROUP HOLDINGS BERHAD,Yes,Household Goods,5394
MAINIQZAN HOLDING BERHAD,Yes,Packaging Materials,8655
MAINIREKA CORPORATION BERHAD,Yes,Construction,7684
ACEIRIS CORPORATION BERHAD,Yes,Software,1042
MAININDUSTRONICS BERHAD,Yes,Technology Equipment,6417
MAINIVORY PROPERTIES GROUP BERHAD,Yes,Property,1864
MAINISKANDAR WATERFRONT CITY BERHAD,Yes,Property,7334
MAINJADE MARVEL GROUP BERHAD,Yes,Building Materials,2557
MAINJADI IMAGING HOLDINGS BERHAD,Yes,Consumer Services,3631
ACEJAG BERHAD,Yes,Industrial Services,2095
MAINJAKS RESOURCES BERHAD,Yes,Construction,9340
MAINJASA KITA BERHAD,No,"Industrial Materials, Components & Equipment",8205
MAINJAYCORP BERHAD,Yes,Household Goods,3084
MAINJCBNEXT BERHAD,No,Industrial Services,5631
MAINJCY INTERNATIONAL BERHAD,Yes,Technology Equipment,8845
MAINJERASIA CAPITAL BERHAD,No,Personal Goods,7040
MAINKUMPULAN JETSON BERHAD,Yes,Auto Parts,6863
ACEJF TECHNOLOGY BERHAD,No,Technology Equipment,5275
MAINJHM CONSOLIDATION BERHAD,Yes,Semiconductors,7321
MAINJIANKUN INTERNATIONAL BERHAD,Yes,Property,1075
LEAPJISHAN BERHAD,Yes,Packaging Materials,9513
MAINJKG LAND BERHAD,Yes,Property,1218
MAINJOE HOLDING BERHAD,No,Auto Parts,4269
MAINJOHAN HOLDINGS BERHAD,No,Other Financials,2414
MAINJENTAYU SUSTAINABLES BERHAD,Yes,Industrial Services,4609
MAINJAYA TIASA HOLDINGS BHD,Yes,Plantation,1183
ACEK-ONE TECHNOLOGY BERHAD,Yes,Technology Equipment,2837
MAINKEJURUTERAAN ASASTERA BERHAD,Yes,Industrial Engineering,7727
MAINKAMDAR GROUP (M,Yes,Retailers,7965
ACEKANGER INTERNATIONAL BERHAD,Yes,Household Goods,1173
MAINKAREX BERHAD,Yes,Personal Goods,7510
MAINKARYON INDUSTRIES BERHAD,Yes,Chemicals,9669
MAINKAWAN FOOD BERHAD,Yes,Food & Beverages,2363
MAINKEIN HING INTERNATIONAL BERHAD,Yes,Metals,2881
MAINKEN HOLDINGS BERHAD,Yes,Property,6314
MAINKENANGA INVESTMENT BANK BERHAD,No,Other Financials,3259
MAINKERJAYA PROSPEK GROUP BERHAD,Yes,Construction,2067
MAINKESM INDUSTRIES BERHAD,Yes,Semiconductors,5403
MAINKEY ASIC BERHAD,No,Semiconductors,7170
MAINKUMPULAN FIMA BERHAD,Yes,Diversified Industrials,1853
MAINKELINGTON GROUP BERHAD,Yes,Industrial Engineering,9145
ACEKEY ALLIANCE GROUP BERHAD,Yes,Technology Equipment,7752
MAINKHEE SAN BERHAD,No,Food & Beverages,7264
MAINKHIND HOLDINGS BERHAD,Yes,Household Goods,9616
ACEKIM HIN JOO (MALAYSIA,Yes,Retailers,3190
MAINKIA LIM BERHAD,Yes,Building Materials,2029
MAINKIM HIN INDUSTRY BERHAD,Yes,Building Materials,9318
MAINKIMLUN CORPORATION BERHAD,Yes,Construction,2731
MAINKIP REAL ESTATE INVESTMENT TRUST,No,Real Estate Investment Trusts,9385
MAINKKB ENGINEERING BERHAD,Yes,Industrial Engineering,5712
MAINKLCC PROPERTY HOLDINGS BERHAD,Yes,Real Estate Investment Trusts,9571
ETFKENANGA KLCI DAILY (-1X,No,N/A,4457
ETFKENANGA KLCI DAILY 2X LEVERAGED ETF,No,N/A,5450
MAINKUALA LUMPUR KEPONG BERHAD,Yes,Plantation,8254
MAINKLUANG RUBBER COMPANY (MALAYA,No,Plantation,5571
MAINKIM LOONG RESOURCES BERHAD,Yes,Plantation,5547
MAINKNM GROUP BERHAD,Yes,Other Energy Resources,5654
MAINKNUSFORD BERHAD,Yes,Industrial Services,4803
MAINKOBAY TECHNOLOGY BERHAD,Yes,"Industrial Materials, Components & Equipment",5826
MAINKOMARKCORP BERHAD,Yes,Packaging Materials,8620
MAINKOSSAN RUBBER INDUSTRIES BERHAD,Yes,Health Care Equipment & Services,2259
MAINKOTRA INDUSTRIES BERHAD,Yes,Pharmaceuticals,2306
MAINKPJ HEALTHCARE BERHAD,Yes,Health Care Providers,2176
MAINKERJAYA PROSPEK PROPERTY BERHAD,Yes,Property,5172
MAINKUMPULAN PERANGSANG SELANGOR BERHAD,Yes,Diversified Industrials,1621
MAINKPS CONSORTIUM BERHAD,Yes,Wood & Wood Products,2311
MAINKRETAM HOLDINGS BERHAD,Yes,Plantation,3635
ACEKRONOLOGI ASIA BERHAD,Yes,Digital Services,7764
MAINKECK SENG (MALAYSIA,No,Diversified Industrials,7908
MAINKSL HOLDINGS BERHAD,Yes,Property,5543
MAINK.SENG SENG CORPORATION BERHAD,Yes,"Industrial Materials, Components & Equipment",8409
MAINKONSORTIUM TRANSNASIONAL BERHAD,No,"Travel, Leisure & Hospitality",7838
ACEKIM TECK CHEONG CONSOLIDATED BERHAD,No,Consumer Services,5201
MAINKUB MALAYSIA BERHAD,Yes,Industrial Services,6372
MAINKUCHAI DEVELOPMENT BERHAD,No,Other Financials,5591
MAINKYM HOLDINGS BERHAD,Yes,Packaging Materials,3183
MAINLAND & GENERAL BERHAD,Yes,Property,1689
MAINLAGENDA PROPERTIES BERHAD,Yes,Property,3055
ACELAMBO GROUP BERHAD,No,Software,5351
MAINLANDMARKS BERHAD,No,"Travel, Leisure & Hospitality",5603
MAINLAY HONG BERHAD,Yes,Agricultural Products,7636
MAINLB ALUMINIUM BERHAD,Yes,Metals,3367
MAINLBI CAPITAL BERHAD,No,Property,1146
MAINLBS BINA GROUP BERHAD,Yes,Property,6966
MAINLOTTE CHEMICAL TITAN HOLDING BERHAD,Yes,Chemicals,5608
MAINLEBTECH BERHAD,Yes,Construction,9859
MAINLEE SWEE KIAT GROUP BERHAD,Yes,Household Goods,1126
MAINLEON FUAT BERHAD,Yes,Metals,5171
MAINLFE CORPORATION BERHAD,Yes,Industrial Engineering,5450
ACELGMS BERHAD,Yes,Digital Services,4076
MAINLEONG HUP INTERNATIONAL BERHAD,No,Agricultural Products,3755
MAINLIEN HOE CORPORATION BERHAD,No,Property,4658
MAINLII HEN INDUSTRIES BHD.,Yes,Household Goods,4489
MAINLION INDUSTRIES CORPORATION BERHAD,Yes,Metals,5292
MAINLION POSIM BERHAD,Yes,Industrial Services,9707
MAINLINGKARAN TRANS KOTA HOLDINGS BERHAD,Yes,Transportation & Logistics Services,8314
ACELKL INTERNATIONAL BERHAD,Yes,Health Care Equipment & Services,5867
MAINLOTUS KFM BERHAD,Yes,Food & Beverages,6590
MAINLPI CAPITAL BHD,No,Insurance,5892
LEAPLIM SEONG HAI CAPITAL BERHAD,Yes,Diversified Industrials,5236
MAINLEADER STEEL HOLDINGS BERHAD,Yes,Metals,9650
MAINLTKM BERHAD,Yes,Agricultural Products,4493
MAINLUSTER INDUSTRIES BHD.,No,"Industrial Materials, Components & Equipment",7528
MAINLUXCHEM CORPORATION BERHAD,Yes,Chemicals,6051
ACELYC HEALTHCARE BERHAD,Yes,Health Care Providers,8781
MAINLYSAGHT GALVANIZED STEEL BERHAD,Yes,Metals,9757
MAINMARINE & GENERAL BERHAD,No,Transportation & Logistics Services,5382
MAINMAA GROUP BERHAD,No,Insurance,8696
ACEMAG HOLDINGS BERHAD,No,Food & Beverages,9776
MAINMAGNA PRIMA BERHAD,Yes,Property,3124
MAINMAGNI-TECH INDUSTRIES BERHAD,Yes,Personal Goods,6409
MAINMAGNUM BERHAD,No,"Travel, Leisure & Hospitality",3930
MAINMAH SING GROUP BERHAD,Yes,Property,4072
MAINMALAKOFF CORPORATION BERHAD,Yes,Electricity,3394
MAINMALPAC HOLDINGS BERHAD,No,Plantation,5421
MAINMALTON BERHAD,Yes,Property,6950
MAINMANULIFE HOLDINGS BERHAD,No,Insurance,1030
MAINMARCO HOLDINGS BERHAD,No,Personal Goods,8576
MAINMALAYSIA STEEL WORKS (KL,Yes,Metals,1901
MAINMASTER-PACK GROUP BERHAD,Yes,Packaging Materials,3741
ACEMATANG BERHAD,No,Plantation,8587
MAINMATRIX CONCEPTS HOLDINGS BERHAD,Yes,Property,8009
MAINMAXIM GLOBAL BERHAD,Yes,Property,4401
MAINMAXIS BERHAD,Yes,Telecommunications Service Providers,2458
MAINMALAYAN BANKING BERHAD,No,Banking,6593
MAINMALAYSIAN BULK CARRIERS BERHAD,No,Transportation & Logistics Services,9029
MAINMUAR BAN LEE GROUP BERHAD,Yes,"Industrial Materials, Components & Equipment",6956
MAINMBM RESOURCES BHD,Yes,Automotive,6622
MAINMETA BRIGHT GROUP BERHAD,Yes,"Travel, Leisure & Hospitality",7912
MAINMALAYSIA BUILDING SOCIETY BERHAD,No,Other Financials,9972
MAINMCE HOLDINGS BERHAD,Yes,Auto Parts,5688
MAINMALAYAN CEMENT BERHAD,Yes,Building Materials,3556
ACEMCLEAN TECHNOLOGIES BERHAD,Yes,Industrial Services,6936
LEAPMCOM HOLDINGS BERHAD,Yes,Digital Services,5841
MAINMCT BERHAD,Yes,Property,5529
MAINMEDIA PRIMA BERHAD,No,Media,3687
MAINMEDIA CHINESE INTERNATIONAL LIMITED,Yes,Media,2948
ACEMEGA SUN CITY HOLDINGS BERHAD,Yes,Industrial Services,5627
MAINMELATI EHSAN HOLDINGS BERHAD,Yes,Construction,1958
MAINMELEWAR INDUSTRIAL GROUP BERHAD,Yes,Metals,3697
MAINMENANG CORPORATION (M,Yes,Property,3317
MAINMENTIGA CORPORATION BERHAD,Yes,Wood & Wood Products,6294
MAINMERCURY INDUSTRIES BERHAD,Yes,Construction,1344
MAINMERIDIAN BERHAD,Yes,Property,1698
MAINMESB BERHAD,Yes,Personal Goods,6337
ACEMESTRON HOLDINGS BERHAD,Yes,Metals,9190
ETFMYETF MSCI SEA ISLAMIC DIVIDEND,Yes,Equity Fund,7068
ETFMYETF DOW JONES U.S. TITANS 50,Yes,Equity Fund,8310
MAINMETROD HOLDINGS BERHAD,No,Metals,5052
MAINMEGA FIRST CORPORATION BERHAD,Yes,Electricity,3971
LEAPMANFORCE GROUP BERHAD,Yes,Consumer Services,8836
MAINMALAYAN FLOUR MILLS BERHAD,Yes,Food & Beverages,9478
MAINMGB BERHAD,Yes,Construction,3894
ACEMALAYSIAN GENOMICS RESOURCE CENTRE BERHAD,Yes,Health Care Equipment & Services,5057
MAINMALAYSIA MARINE AND HEAVY ENGINEERING HOLDINGS BERHAD,Yes,"Energy Infrastructure, Equipment & Services",4341
MAINMHC PLANTATIONS BHD,Yes,Plantation,6409
LEAPMETRO HEALTHCARE BERHAD,Yes,Health Care Providers,7387
MAINMI TECHNOVATION BERHAD,Yes,Technology Equipment,1373
ACEMICROLINK SOLUTIONS BERHAD,Yes,Digital Services,9581
MAINMIECO CHIPBOARD BERHAD,Yes,Wood & Wood Products,1671
ACEMIKRO MSC BERHAD,Yes,Technology Equipment,2533
MAINMILUX CORPORATION BERHAD,Yes,Household Goods,5402
MAINMINDA GLOBAL BERHAD,Yes,Consumer Services,3804
MAINMINETECH RESOURCES BERHAD,Yes,Building Materials,8612
MAINMINHO (M,Yes,Wood & Wood Products,2875
MAINMISC BERHAD,Yes,Transportation & Logistics Services,2072
MAINMITRAJAYA HOLDINGS BERHAD,Yes,Construction,2865
MAINMAJUPERAK HOLDINGS BERHAD,Yes,Property,7537
MAINMKH BERHAD,Yes,Property,2010
MAINMK LAND HOLDINGS BERHAD,Yes,Property,7201
ACEMLABS SYSTEMS BERHAD,No,Technology Equipment,3523
ACEMMAG HOLDINGS BERHAD,Yes,Digital Services,7912
LEAPMMIS BERHAD,Yes,"Industrial Materials, Components & Equipment",3021
MAINMMS VENTURES BERHAD,Yes,Technology Equipment,8136
ACEM N C WIRELESS BERHAD,Yes,Telecommunications Equipment,6619
ACEMN HOLDINGS BERHAD,Yes,Construction,3426
MAINMNRB HOLDINGS BERHAD,No,Insurance,7647
ACEMOBILIA HOLDINGS BERHAD,Yes,Household Goods,4219
ACEMANAGEPAY SYSTEMS BERHAD,Yes,Software,7367
MAINMALAYSIA PACIFIC CORPORATION BERHAD,Yes,Property,2512
MAINMPHB CAPITAL BERHAD,No,Insurance,9202
MAINMALAYSIAN PACIFIC INDUSTRIES BERHAD,Yes,Semiconductors,3156
LEAPMATRIX PARKING SOLUTION HOLDINGS BERHAD,Yes,Consumer Services,6246
ACEMQ TECHNOLOGY BERHAD,Yes,Semiconductors,8069
MAINMALAYSIAN RESOURCES CORPORATION BERHAD,Yes,Property,8170
MAINMR D.I.Y. GROUP (M,Yes,Retailers,8518
MAINMALAYSIA SMELTING CORPORATION BERHAD,No,Metals,5072
MAINMSM MALAYSIA HOLDINGS BERHAD,Yes,Food & Beverages,1862
MAINMESINIAGA BERHAD,Yes,Digital Services,1854
ACEMTAG GROUP BERHAD,Yes,Industrial Services,7610
ACEMTOUCHE TECHNOLOGY BERHAD,No,Telecommunications Service Providers,5383
MAINMETRONIC GLOBAL BERHAD,Yes,Industrial Services,2613
MAINMUDA HOLDINGS BERHAD,Yes,Packaging Materials,9919
MAINMUDAJAYA GROUP BERHAD,No,Construction,2956
MAINMULTI-USAGE HOLDINGS BERHAD,Yes,Property,1943
MAINMUHIBBAH ENGINEERING (M,Yes,Construction,3225
MAINMALAYAN UNITED INDUSTRIES BERHAD,No,"Travel, Leisure & Hospitality",8553
MAINMUI PROPERTIES BERHAD,Yes,Property,8434
MAINMULPHA INTERNATIONAL BERHAD,No,"Travel, Leisure & Hospitality",3920
MAINMYCRON STEEL BERHAD,Yes,Metals,5755
MAINMY E.G. SERVICES BERHAD,Yes,Digital Services,6284
ETFMYETF DOW JONES ISLAMIC MARKET MALAYSIA TITANS 25,Yes,Equity Fund,3532
ETFMYETF MSCI MALAYSIA ISLAMIC DIVIDEND,Yes,Equity Fund,8166
MAINMYNEWS HOLDINGS BERHAD,No,Retailers,9497
MAINMYTECH GROUP BERHAD,No,Metals,2548
ACEN2N CONNECT BERHAD,Yes,Software,1888
ACEGAGASAN NADI CERGAS BERHAD,Yes,Construction,7899
MAINNAIM HOLDINGS BERHAD,Yes,Property,9370
MAINNCT ALLIANCE BERHAD,Yes,Property,5324
ACENESTCON BERHAD,Yes,Construction,5516
MAINNESTLE (MALAYSIA,Yes,Food & Beverages,4549
ACENETX HOLDINGS BERHAD,No,Software,3713
ACENEXGRAM HOLDINGS BERHAD,Yes,Telecommunications Equipment,5911
MAINNEXTGREEN GLOBAL BERHAD,Yes,Industrial Services,5589
MAINNEW HOONG FATT HOLDINGS BERHAD,Yes,Automotive,9873
MAINNICHE CAPITAL EMAS HOLDINGS BERHAD,Yes,Personal Goods,3174
MAINNI HSIN GROUP BERHAD,Yes,Household Goods,9518
MAINNOTION VTEC BERHAD,Yes,Technology Equipment,7410
MAINNOVA WELLNESS GROUP BERHAD,Yes,Pharmaceuticals,9505
ACENOVA MSC BERHAD,Yes,Software,1010
LEAPNOVELPLUS TECHNOLOGY BERHAD,No,Digital Services,3858
MAINNPC RESOURCES BERHAD,Yes,Plantation,5519
LEAPNOVA PHARMA SOLUTIONS BERHAD,Yes,Pharmaceuticals,6721
MAINNEGRI SEMBILAN OIL PALMS BERHAD,No,Plantation,8662
MAINNTPM HOLDINGS BERHAD,Yes,Household Goods,7405
MAINNWP HOLDINGS BERHAD,Yes,Wood & Wood Products,1300
MAINNYLEX (MALAYSIA,Yes,Chemicals,4397
MAINOCB BERHAD,Yes,Food & Beverages,1683
MAINOCK GROUP BERHAD,Yes,Telecommunications Service Providers,7945
MAINOCEANCASH PACIFIC BERHAD,Yes,Personal Goods,1012
MAINOCR GROUP BERHAD,Yes,Construction,8509
MAINORIENTAL FOOD INDUSTRIES HOLDINGS BERHAD,Yes,Food & Beverages,5234
MAINORIENTAL INTEREST BERHAD,Yes,Property,5027
MAINOKA CORPORATION BHD,Yes,Building Materials,1648
MAINOLYMPIA INDUSTRIES BERHAD,No,"Travel, Leisure & Hospitality",6678
MAINOMESTI BHD,Yes,Digital Services,5457
MAINOM HOLDINGS LIMITED,Yes,Metals,3922
MAINONE GLOVE GROUP BERHAD,Yes,"Travel, Leisure & Hospitality",1272
ACEOPCOM HOLDINGS BERHAD,Yes,Telecommunications Equipment,4245
ACEOPENSYS (M,Yes,Software,8970
ACEOPTIMAX HOLDINGS BERHAD,Yes,Health Care Providers,8187
ACEORGABIO HOLDINGS BERHAD,No,Food & Beverages,9718
MAINORIENTAL HOLDINGS BERHAD,No,Automotive,2588
MAINORNAPAPER BERHAD,Yes,Packaging Materials,3113
MAINOSK HOLDINGS BERHAD,No,Property,1988
ACEOSK VENTURES INTERNATIONAL BERHAD,No,Other Financials,6975
ACEOVERSEA ENTERPRISE BERHAD,No,"Travel, Leisure & Hospitality",6205
ACEOCEAN VANTAGE HOLDINGS BERHAD,Yes,"Energy Infrastructure, Equipment & Services",8282
MAINONLY WORLD GROUP HOLDINGS BERHAD,Yes,"Travel, Leisure & Hospitality",9472
MAINPACIFIC & ORIENT BERHAD,No,Insurance,4793
MAINP.A. RESOURCES BERHAD,Yes,Metals,4305
MAINPADINI HOLDINGS BERHAD,Yes,Retailers,5335
MAINPANASONIC MANUFACTURING MALAYSIA BERHAD,No,Household Goods,8570
MAINPANSAR BERHAD,No,Building Materials,1932
MAINPANTECH GROUP HOLDINGS BERHAD,Yes,Metals,9022
MAINPAOS HOLDINGS BERHAD,Yes,Household Goods,4335
MAINPARAGON UNION BERHAD,Yes,Household Goods,3492
MAINPARAMOUNT CORPORATION BERHAD,Yes,Property,8233
MAINPARKSON HOLDINGS BERHAD,Yes,Retailers,5599
MAINPARKWOOD HOLDINGS BERHAD,Yes,Property,5844
ACEPARLO BERHAD,No,"Travel, Leisure & Hospitality",1231
MAINPASDEC HOLDINGS BERHAD,Yes,Property,2623
ACEPASUKHAS GROUP BERHAD,Yes,Industrial Engineering,4615
MAINPAVILION REAL ESTATE INVESTMENT TRUST,No,Real Estate Investment Trusts,9851
MAINPBA HOLDINGS BHD,Yes,"Gas, Water & Multi-utilities",1700
MAINPUBLIC BANK BERHAD,No,Banking,6230
MAINPCCS GROUP BERHAD,Yes,Personal Goods,5459
MAINPETRONAS CHEMICALS GROUP BERHAD,Yes,Chemicals,5880
MAINPDZ HOLDINGS BHD,Yes,Transportation & Logistics Services,6232
MAINPIMPINAN EHSAN BERHAD,Yes,Construction,1792
MAINPECCA GROUP BERHAD,Yes,Auto Parts,1915
ACEPEKAT GROUP BERHAD,Yes,Industrial Services,6735
MAINPELIKAN INTERNATIONAL CORPORATION BERHAD,Yes,Consumer Services,8853
MAINPETRA ENERGY BERHAD,Yes,"Energy Infrastructure, Equipment & Services",7067
MAINPENSONIC HOLDINGS BERHAD,Yes,Household Goods,3328
MAINPENTAMASTER CORPORATION BERHAD,Yes,Technology Equipment,4190
MAINPERDANA PETROLEUM BERHAD,Yes,"Energy Infrastructure, Equipment & Services",2362
MAINPERMAJU INDUSTRIES BERHAD,Yes,Automotive,7454
MAINPERUSAHAAN SADUR TIMAH MALAYSIA (PERSTIMA,Yes,Metals,5174
MAINPERTAMA DIGITAL BERHAD,No,Personal Goods,9854
MAINPESONA METRO HOLDINGS BERHAD,Yes,Construction,4835
MAINPESTECH INTERNATIONAL BERHAD,Yes,Industrial Engineering,7955
MAINPETRONAS DAGANGAN BHD,Yes,Retailers,3057
MAINPETRONAS GAS BERHAD,Yes,"Gas, Water & Multi-utilities",6058
MAINPETRON MALAYSIA REFINING & MARKETING BHD,Yes,Oil & Gas Producers,5614
MAINPROPEL GLOBAL BERHAD,Yes,"Energy Infrastructure, Equipment & Services",6431
MAINPGF CAPITAL BERHAD,Yes,Building Materials,4703
MAINPARAGON GLOBE BERHAD,Yes,Property,5306
MAINPHARMANIAGA BERHAD,Yes,Pharmaceuticals,4793
MAINPEGASUS HEIGHTS BERHAD,Yes,Property,9015
MAINPROGRESSIVE IMPACT CORPORATION BERHAD,Yes,Industrial Services,4673
MAINP.I.E. INDUSTRIAL BERHAD,Yes,"Industrial Materials, Components & Equipment",4207
ACEPINEAPPLE RESOURCES BERHAD,No,Digital Services,5778
MAINPINEHILL PACIFIC BERHAD,No,Plantation,3609
MAINPJBUMI BERHAD,Yes,Industrial Services,3848
ACEPETERLABS HOLDINGS BERHAD,No,Agricultural Products,4989
MAINPLB ENGINEERING BERHAD,Yes,Property,3060
MAINPLENITUDE BERHAD,Yes,Property,6445
MAINPLS PLANTATIONS BERHAD,Yes,Plantation,7444
MAINPMB TECHNOLOGY BERHAD,Yes,Metals,4685
MAINPAN MALAYSIA CORPORATION BERHAD,No,"Travel, Leisure & Hospitality",3097
MAINPRESS METAL ALUMINIUM HOLDINGS BERHAD,Yes,Metals,2628
MAINPAN MALAYSIA HOLDINGS BERHAD,Yes,"Travel, Leisure & Hospitality",1821
MAINPNE PCB BERHAD,Yes,"Industrial Materials, Components & Equipment",8997
MAINPOH KONG HOLDINGS BERHAD,Yes,Retailers,3097
MAINPOH HUAT RESOURCES HOLDINGS BERHAD,Yes,Household Goods,3747
LEAPPOLYDAMIC GROUP BERHAD,Yes,"Industrial Materials, Components & Equipment",9725
MAINPOS MALAYSIA BERHAD,Yes,Transportation & Logistics Services,9679
MAINPPB GROUP BERHAD,Yes,Food & Beverages,2558
MAINPUBLIC PACKAGES HOLDINGS BHD,Yes,Packaging Materials,9567
ACEPAPPAJACK BERHAD,No,Other Financials,4841
MAINPRESTAR RESOURCES BERHAD,Yes,Metals,8910
MAINPRG HOLDINGS BERHAD,No,Personal Goods,1968
ACEPRIVASIA TECHNOLOGY BERHAD,Yes,Telecommunications Equipment,6395
MAINPERAK CORPORATION BERHAD,No,Transportation & Logistics Services,5722
MAINPROLEXUS BERHAD,Yes,Personal Goods,6119
MAINPROTASCO BERHAD,Yes,Construction,5830
MAINPINTARAS JAYA BHD,Yes,Construction,4733
MAINPERAK TRANSIT BERHAD,Yes,"Travel, Leisure & Hospitality",5105
ACEPT RESOURCES HOLDINGS BERHAD,No,Food & Beverages,8526
MAINPTT SYNERGY GROUP BERHAD,Yes,Property,8239
ACEPUC BERHAD,Yes,Media,6370
MAINPUNCAK NIAGA HOLDINGS BERHAD,Yes,Construction,1254
MAINPWF CONSOLIDATED BERHAD,Yes,Agricultural Products,8568
MAINPRICEWORTH INTERNATIONAL BERHAD,Yes,Wood & Wood Products,5433
MAINPOWER ROOT BERHAD,Yes,Food & Beverages,8741
ACEPOWERWELL HOLDINGS BERHAD,Yes,"Industrial Materials, Components & Equipment",5144
ACEQES GROUP BERHAD,Yes,"Industrial Materials, Components & Equipment",1217
MAINQL RESOURCES BERHAD,Yes,Agricultural Products,5001
MAINQUALITY CONCRETE HOLDINGS BERHAD,Yes,Building Materials,5454
MAINRALCO CORPORATION BERHAD,Yes,Chemicals,8155
ACERAMSSOL GROUP BERHAD,No,Software,6913
MAINRANHILL UTILITIES BERHAD,Yes,"Gas, Water & Multi-utilities",5751
MAINRAPID SYNERGY BERHAD,No,Property,2084
MAINRCE CAPITAL BERHAD,Yes,Other Financials,7483
MAINREACH ENERGY BERHAD,No,Oil & Gas Producers,4610
LEAPRED IDEAS HOLDINGS BERHAD,No,Digital Services,2108
ACEREDTONE DIGITAL BERHAD,Yes,Telecommunications Service Providers,4053
MAINRENEUCO BERHAD,Yes,Personal Goods,4529
MAINRESINTECH BERHAD,Yes,Building Materials,4308
MAINREVENUE GROUP BERHAD,No,Digital Services,4462
MAINREX INDUSTRY BERHAD,Yes,Food & Beverages,4352
ACEREXIT BERHAD,No,Software,5815
MAINRGB INTERNATIONAL BHD,No,"Travel, Leisure & Hospitality",8548
LEAPRAY GO SOLAR HOLDINGS BERHAD,Yes,Industrial Services,3531
MAINRGT BERHAD,Yes,Chemicals,6952
ACERADIANT GLOBALTECH BERHAD,Yes,Digital Services,2015
MAINRHB BANK BERHAD,No,Banking,8883
MAINRHONE MA HOLDINGS BERHAD,No,Agricultural Products,2951
MAINRHONG KHEN INTERNATIONAL BERHAD,Yes,Household Goods,3283
MAINRESERVOIR LINK ENERGY BHD,Yes,"Energy Infrastructure, Equipment & Services",2736
MAINROHAS TECNIC BERHAD,Yes,Industrial Engineering,4970
LEAPREDPLANET BERHAD,No,Digital Services,6668
MAINRIMBUNAN SAWIT BERHAD,Yes,Plantation,5328
MAINRED SENA BERHAD,No,Special Purpose Acquisition Company,5301
LEAPRTS TECHNOLOGY HOLDINGS BERHAD,Yes,Software,5541
MAINRIVERVIEW RUBBER ESTATES BERHAD,Yes,Plantation,4403
MAINS & F CAPITAL BERHAD,Yes,Wood & Wood Products,1320
MAINSOUTHERN ACIDS (M,Yes,Chemicals,5143
LEAPSAFETYWARE GROUP BERHAD,No,"Industrial Materials, Components & Equipment",3189
MAINSALCON BERHAD,Yes,"Gas, Water & Multi-utilities",2254
MAINSALUTICA BERHAD,Yes,Personal Goods,7675
MAINSAM ENGINEERING & EQUIPMENT (M,Yes,"Industrial Materials, Components & Equipment",4728
ACESAMAIDEN GROUP BERHAD,Yes,Industrial Services,8546
MAINSAMCHEM HOLDINGS BERHAD,No,Chemicals,1959
ACESANICHI TECHNOLOGY BERHAD,No,"Industrial Materials, Components & Equipment",7984
MAINSAPURA INDUSTRIAL BERHAD,Yes,Auto Parts,2151
MAINSAPURA ENERGY BERHAD,Yes,"Energy Infrastructure, Equipment & Services",8355
MAINSAPURA RESOURCES BERHAD,Yes,Property,9689
MAINSASBADI HOLDINGS BERHAD,Yes,Media,3703
MAINSAUDEE GROUP BERHAD,Yes,Food & Beverages,6694
MAINSUNGEI BAGAN RUBBER COMPANY (MALAYA,No,Plantation,8475
MAINSBC CORPORATION BERHAD,Yes,Property,9395
MAINSARAWAK CABLE BERHAD,Yes,"Industrial Materials, Components & Equipment",6373
ACESC ESTATE BUILDER BERHAD,Yes,Construction,2695
ACESCC HOLDINGS BERHAD,No,Consumer Services,4413
MAINSOUTHERN CABLE GROUP BERHAD,Yes,"Industrial Materials, Components & Equipment",3755
MAINSCGM BHD,Yes,Packaging Materials,1757
MAINSARAWAK CONSOLIDATED INDUSTRIES BERHAD,Yes,Building Materials,7444
MAINSCICOM (MSC,No,Industrial Services,9708
MAINSCIENTEX BERHAD,Yes,Packaging Materials,1299
MAINSCIENTEX PACKAGING (AYER KEROH,Yes,Packaging Materials,7726
MAINSCANWOLF CORPORATION BERHAD,Yes,Building Materials,5086
MAINSCOMI GROUP BERHAD,Yes,"Energy Infrastructure, Equipment & Services",7616
MAINSCOMI ENERGY SERVICES BHD,No,"Energy Infrastructure, Equipment & Services",9975
ACESUPERCOMNET TECHNOLOGIES BERHAD,Yes,Health Care Equipment & Services,5129
ACESCOPE INDUSTRIES BERHAD,Yes,"Industrial Materials, Components & Equipment",6624
MAINSELANGOR DREDGING BERHAD,Yes,Property,2942
ACESDS GROUP BERHAD,Yes,Food & Beverages,8561
MAINSEACERA GROUP BERHAD,Yes,Building Materials,5717
MAINSEAL INCORPORATED BERHAD,Yes,Property,6704
MAINSEALINK INTERNATIONAL BERHAD,Yes,Transportation Equipment,6857
MAINSEREMBAN ENGINEERING BERHAD,Yes,Industrial Engineering,9067
ACESEDANIA INNOVATOR BERHAD,Yes,Telecommunications Equipment,3585
MAINSEE HUP CONSOLIDATED BERHAD,Yes,Transportation & Logistics Services,9449
LEAPSEERS BERHAD,Yes,Household Goods,6766
MAINSEG INTERNATIONAL BHD,Yes,Consumer Services,5462
MAIN7-ELEVEN MALAYSIA HOLDINGS BERHAD,No,Retailers,8112
MAINEVERSENDAI CORPORATION BERHAD,Yes,Construction,4455
MAINSENG FONG HOLDINGS BERHAD,Yes,Industrial Services,4213
MAINSENHENG NEW RETAIL BERHAD,Yes,Retailers,1359
MAINSENTRAL REIT,No,Real Estate Investment Trusts,1262
MAINSERBA DINAMIK HOLDINGS BERHAD,Yes,"Energy Infrastructure, Equipment & Services",8500
MAINSERN KOU RESOURCES BERHAD,Yes,Household Goods,7815
ACESERSOL BERHAD,Yes,Chemicals,3363
ACESFP TECH HOLDINGS BERHAD,Yes,Semiconductors,3994
LEAPSUPERGENICS BERHAD,Yes,Industrial Services,5981
MAINSHANGRI-LA HOTELS (MALAYSIA,No,"Travel, Leisure & Hospitality",5444
MAINSIN HENG CHAN (MALAYA,Yes,Plantation,1702
MAINSHH RESOURCES HOLDINGS BERHAD,Yes,Household Goods,7502
MAINSHL CONSOLIDATED BHD,Yes,Property,2294
ACESIAB HOLDINGS BERHAD,Yes,Construction,7694
MAINSIGNATURE INTERNATIONAL BERHAD,Yes,Household Goods,5855
MAINSIME DARBY BERHAD,Yes,Automotive,5534
MAINSIME DARBY PLANTATION BERHAD,Yes,Plantation,7280
MAINSIME DARBY PROPERTY BERHAD,Yes,Property,3671
MAINSINARAN ADVANCE GROUP BERHAD,No,Personal Goods,8587
MAINSENI JAYA CORPORATION BERHAD,Yes,Media,8760
MAINSKB SHUTTERS CORPORATION BERHAD,Yes,Building Materials,7001
LEAPSTEEL HAWK BERHAD,No,"Energy Infrastructure, Equipment & Services",4774
MAINSKP RESOURCES BHD,Yes,"Industrial Materials, Components & Equipment",9833
LEAPSL INNOVATION CAPITAL BERHAD,Yes,Digital Services,9082
MAINSLP RESOURCES BERHAD,Yes,Packaging Materials,2655
MAINSOLARVEST HOLDINGS BERHAD,Yes,Industrial Services,4060
MAINSINMAH CAPITAL BERHAD,Yes,Agricultural Products,5586
ACESECUREMETRIC BERHAD,Yes,Software,1197
MAINSOUTH MALAYSIA INDUSTRIES BERHAD,Yes,Property,5374
LEAPSMILE-LINK HEALTHCARE GLOBAL BERHAD,Yes,Health Care Providers,3907
MAINSMIS CORPORATION BERHAD,Yes,Auto Parts,8399
ACESMRT HOLDINGS BERHAD,Yes,Digital Services,8985
ACESMTRACK BERHAD,Yes,Technology Equipment,3937
MAINSAND NISKO CAPITAL BERHAD,Yes,Household Goods,4479
LEAPSNOWFIT GROUP BERHAD,No,Household Goods,8994
ACESNS NETWORK TECHNOLOGY BERHAD,Yes,Technology Equipment,6694
MAINSENTORIA GROUP BERHAD,No,Property,9153
MAINSOLID AUTOMOTIVE BERHAD,Yes,Automotive,6375
ACESOLUTION GROUP BERHAD,Yes,Digital Services,4387
MAINSARAWAK OIL PALMS BERHAD,Yes,Plantation,5399
ACESPRING ART HOLDINGS BERHAD,Yes,Household Goods,2699
MAINSPRITZER BHD,Yes,Food & Beverages,5350
MAINS P SETIA BERHAD,Yes,Property,8531
MAINSPORTS TOTO BERHAD,No,"Travel, Leisure & Hospitality",6296
ACESILVER RIDGE HOLDINGS BHD,No,Telecommunications Equipment,3093
MAINSOUTHERN STEEL BERHAD,No,Metals,1805
MAINSTAR MEDIA GROUP BERHAD,Yes,Media,5199
MAINSTELLA HOLDINGS BERHAD,Yes,Construction,1329
ACESTRAITS ENERGY RESOURCES BERHAD,Yes,Transportation & Logistics Services,2124
MAINSUBUR TIASA HOLDINGS BERHAD,No,Wood & Wood Products,3869
MAINSUCCESS TRANSFORMER CORPORATION BERHAD,Yes,"Industrial Materials, Components & Equipment",1530
MAINSUNWAY CONSTRUCTION GROUP BERHAD,Yes,Construction,3737
LEAPSUNMOW HOLDING BERHAD,Yes,Construction,3975
MAINSUNWAY REAL ESTATE INVESTMENT TRUST,No,Real Estate Investment Trusts,8562
MAINSUNSURIA BERHAD,Yes,Property,7831
MAINSUNWAY BERHAD,Yes,Diversified Industrials,2331
ACESUNZEN BIOTECH BERHAD,No,Agricultural Products,1053
MAINSUPERLON HOLDINGS BERHAD,Yes,Building Materials,8221
MAINSUPERMAX CORPORATION BERHAD,Yes,Health Care Equipment & Services,7557
LEAPSUPREME CONSOLIDATED RESOURCES BERHAD,Yes,Consumer Services,2119
MAINSURIA CAPITAL HOLDINGS BERHAD,Yes,Transportation & Logistics Services,8366
MAINSWIFT HAULAGE BERHAD,Yes,Transportation & Logistics Services,3302
MAINSARAWAK PLANTATION BERHAD,Yes,Plantation,2523
MAINSWS CAPITAL BERHAD,Yes,Household Goods,8085
MAINSYCAL VENTURES BERHAD,No,Construction,9459
MAINSYF RESOURCES BERHAD,Yes,Household Goods,2222
MAINSYMPHONY LIFE BERHAD,Yes,Property,9006
MAINSHIN YANG SHIPPING CORPORATION BERHAD,Yes,Transportation & Logistics Services,7045
ACESYSTECH BHD,Yes,Software,9690
MAINT7 GLOBAL BERHAD,Yes,"Energy Infrastructure, Equipment & Services",8699
MAINTA ANN HOLDINGS BERHAD,Yes,Plantation,1112
MAINTAFI INDUSTRIES BERHAD,Yes,Household Goods,1193
MAINSYARIKAT TAKAFUL MALAYSIA KELUARGA BERHAD,Yes,Insurance,2662
MAINTALAM TRANSFORM BERHAD,Yes,Property,8554
MAINTALIWORKS CORPORATION BERHAD,Yes,"Gas, Water & Multi-utilities",4194
MAINTAMBUN INDAH LAND BERHAD,Yes,Property,8714
MAINTANCO HOLDINGS BERHAD,Yes,Property,1949
MAINTAS OFFSHORE BERHAD,Yes,Transportation Equipment,9010
MAINTASCO BERHAD,Yes,Transportation & Logistics Services,4590
ACETASHIN HOLDINGS BERHAD,Yes,Metals,3993
MAINTA WIN HOLDINGS BERHAD,No,Metals,7145
MAINTAN CHONG MOTOR HOLDINGS BERHAD,Yes,Automotive,1173
ACETCS GROUP HOLDINGS BERHAD,Yes,Construction,6515
ACETECHNODEX BHD,No,Software,5766
MAINTDM BERHAD,Yes,Plantation,3160
MAINTECK GUAN PERDANA BERHAD,No,Agricultural Products,7017
MAINTECHBOND GROUP BERHAD,Yes,Chemicals,7657
MAINTECHNA-X BERHAD,Yes,Other Energy Resources,4740
MAINTEK SENG HOLDINGS BERHAD,Yes,Household Goods,1126
ACETELADAN SETIA GROUP BERHAD,Yes,Property,8801
MAINTENAGA NASIONAL BHD,Yes,Electricity,9704
MAINTEO SENG CAPITAL BERHAD,No,Agricultural Products,6659
MAINTEXCHEM RESOURCES BERHAD,Yes,Diversified Industrials,6502
ACETEX CYCLE TECHNOLOGY (M,Yes,Industrial Services,6406
ACETFP SOLUTIONS BERHAD,No,Digital Services,7980
MAINTEO GUAN LEE CORPORATION BERHAD,Yes,Personal Goods,7755
MAINTHONG GUAN INDUSTRIES BERHAD,Yes,Packaging Materials,1104
MAINTHETA EDGE BERHAD,Yes,Digital Services,2758
MAINTH PLANTATIONS BERHAD,Yes,Plantation,1025
MAINTHRIVEN GLOBAL BERHAD,Yes,Property,7786
MAINTIEN WAH PRESS HOLDINGS BERHAD,No,Industrial Services,7242
MAINTIME DOTCOM BERHAD,Yes,Telecommunications Service Providers,6806
MAINTIMBERWELL BERHAD,Yes,Wood & Wood Products,8906
MAINTITIJAYA LAND BERHAD,Yes,Property,8515
MAINTUJU SETIA BERHAD,Yes,Construction,1909
MAINTELEKOM MALAYSIA BERHAD,Yes,Telecommunications Service Providers,7332
MAINTMC LIFE SCIENCES BERHAD,Yes,Health Care Providers,6858
MAINTIONG NAM LOGISTICS HOLDINGS BERHAD,Yes,Transportation & Logistics Services,4427
MAINTRANSOCEAN HOLDINGS BHD,Yes,Transportation & Logistics Services,7541
MAINTOMEI CONSOLIDATED BERHAD,No,Retailers,7187
MAINTOMYPAK HOLDINGS BERHAD,Yes,Packaging Materials,8000
MAINTONG HERR RESOURCES BERHAD,Yes,Metals,2805
MAINTOP BUILDERS CAPITAL BERHAD,Yes,Construction,8969
MAINTOP GLOVE CORPORATION BHD,Yes,Health Care Equipment & Services,3865
LEAPTOPVISION EYE SPECIALIST BERHAD,Yes,Health Care Providers,8486
MAINTOYO VENTURES HOLDINGS BERHAD,Yes,Chemicals,5923
MAINTPC PLUS BERHAD,Yes,Agricultural Products,1562
MAINTRC SYNERGY BERHAD,Yes,Construction,2520
ACETRI-MODE SYSTEM (M,Yes,Transportation & Logistics Services,5899
MAINTRIVE PROPERTY GROUP BERHAD,Yes,Technology Equipment,2035
MAINTROPICANA CORPORATION BERHAD,Yes,Property,8381
MAINTSH RESOURCES BERHAD,Yes,Plantation,4197
MAINTSR CAPITAL BERHAD,Yes,Construction,7010
MAINTUNE PROTECT GROUP BERHAD,No,Insurance,4018
MAINTURBO-MECH BERHAD,No,"Industrial Materials, Components & Equipment",6874
MAINTURIYA BERHAD,Yes,Semiconductors,3466
MAINTWL HOLDINGS BERHAD,Yes,Property,9643
MAINTOWER REAL ESTATE INVESTMENT TRUST,No,Real Estate Investment Trusts,1248
MAINUCHI TECHNOLOGIES BERHAD,Yes,"Industrial Materials, Components & Equipment",8539
ACEUCREST BERHAD,Yes,Technology Equipment,1489
MAINUEM SUNRISE BERHAD,Yes,Property,5710
MAINUNITED U-LI CORPORATION BERHAD,Yes,"Industrial Materials, Components & Equipment",1997
ACEUMEDIC GROUP BERHAD,No,Health Care Equipment & Services,4638
MAINUNITED MALACCA BERHAD,Yes,Plantation,4782
MAINUMS HOLDINGS BERHAD,Yes,"Industrial Materials, Components & Equipment",9981
MAINUMS-NEIKEN GROUP BERHAD,Yes,"Industrial Materials, Components & Equipment",5756
MAINUMW HOLDINGS BERHAD,Yes,Automotive,5178
MAINUNIMECH GROUP BERHAD,Yes,"Industrial Materials, Components & Equipment",1467
ACEUNIQUE FIRE HOLDINGS BERHAD,Yes,Industrial Services,9909
MAINUNISEM (M,Yes,Semiconductors,8304
ACEUNITRADE INDUSTRIES BERHAD,No,Building Materials,3032
LEAPUNI WALL APS HOLDINGS BERHAD,Yes,Construction,5171
MAINUOA DEVELOPMENT BHD,Yes,Property,9265
MAINUOA REAL ESTATE INVESTMENT TRUST,No,Real Estate Investment Trusts,3290
MAINUPA CORPORATION BHD,Yes,Consumer Services,5397
LEAPUCI RESOURCES BERHAD,Yes,Building Materials,3625
MAINUNITED PLANTATIONS BERHAD,Yes,Plantation,7580
MAINUWC BERHAD,Yes,Semiconductors,9492
MAINUZMA BERHAD,Yes,"Energy Infrastructure, Equipment & Services",2687
MAINVELESTO ENERGY BERHAD,Yes,"Energy Infrastructure, Equipment & Services",6185
MAINVERSATILE CREATIVE BERHAD,Yes,Packaging Materials,2560
ACEVINVEST CAPITAL HOLDINGS BERHAD,Yes,Software,4393
ACEVISDYNAMICS HOLDINGS BERHAD,Yes,Semiconductors,8829
MAINVITROX CORPORATION BERHAD,Yes,Semiconductors,1491
MAINVIZIONE HOLDINGS BERHAD,Yes,Construction,4144
ACEVOLCANO BERHAD,Yes,Industrial Services,9407
MAINV.S. INDUSTRY BERHAD,Yes,"Industrial Materials, Components & Equipment",9920
ACEVSOLAR GROUP BERHAD,No,Software,9046
MAINVSTECS BERHAD,Yes,Technology Equipment,9889
ACEWAJA KONSORTIUM BERHAD,Yes,"Industrial Materials, Components & Equipment",9014
MAINWANG-ZHENG BERHAD,Yes,Household Goods,8107
MAINWARISAN TC HOLDINGS BERHAD,Yes,"Travel, Leisure & Hospitality",5520
MAINWAH SEONG CORPORATION BERHAD,Yes,"Energy Infrastructure, Equipment & Services",1533
MAINWATTA HOLDING BERHAD,Yes,Auto Parts,9721
MAINWCE HOLDINGS BERHAD,No,Construction,3871
MAINWCT HOLDINGS BERHAD,Yes,Construction,4396
MAINWEGMANS HOLDINGS BERHAD,Yes,Household Goods,6432
MAINWELLCALL HOLDINGS BERHAD,Yes,"Industrial Materials, Components & Equipment",9905
ACEWIDAD GROUP BERHAD,Yes,Construction,2268
MAINWILLOWGLEN MSC BERHAD,No,Software,1891
MAINWMG HOLDINGS BERHAD,No,Property,7664
MAINWONG ENGINEERING CORPORATION BERHAD,Yes,"Industrial Materials, Components & Equipment",6603
MAINWOODLANDOR HOLDINGS BHD,Yes,Wood & Wood Products,5219
MAINWESTPORTS HOLDINGS BERHAD,Yes,Transportation & Logistics Services,2584
MAINWHITE HORSE BERHAD,Yes,Building Materials,9894
MAINWTK HOLDINGS BERHAD,Yes,Wood & Wood Products,2302
MAINXIDELANG HOLDINGS LTD,No,Personal Goods,2006
MAINXIN HWA HOLDINGS BERHAD,Yes,Transportation & Logistics Services,5875
MAINXL HOLDINGS BERHAD,Yes,Consumer Services,6865
ACEXOX BHD,No,Telecommunications Service Providers,2259
ACEXOX NETWORKS BERHAD,No,Consumer Services,4328
ACEXOX TECHNOLOGY BERHAD,Yes,Telecommunications Equipment,8935
MAINY&G CORPORATION BHD,Yes,Property,4345
MAINYB VENTURES BERHAD,Yes,Building Materials,6977
ACEYBS INTERNATIONAL BERHAD,Yes,"Industrial Materials, Components & Equipment",6333
MAINYENHER HOLDINGS BERHAD,No,Agricultural Products,8809
ACEYEW LEE PACIFIC GROUP BERHAD,Yes,"Industrial Materials, Components & Equipment",4985
ACEYGL CONVERGENCE BERHAD,Yes,Software,4953
MAINYINSON HOLDINGS BERHAD,No,"Energy Infrastructure, Equipment & Services",8584
MAINYKGI HOLDINGS BERHAD,Yes,Metals,1198
MAINYLI HOLDINGS BERHAD,Yes,Metals,2445
MAINYNH PROPERTY BERHAD,Yes,Property,4579
MAINYOONG ONN CORPORATION BERHAD,No,Household Goods,8955
MAINYONG TAI BERHAD,Yes,Property,5294
MAINY.S.P.SOUTHEAST ASIA HOLDING BERHAD,Yes,Pharmaceuticals,6688
MAINYTL CORPORATION BERHAD,No,"Gas, Water & Multi-utilities",4396
MAINYTL POWER INTERNATIONAL BHD,No,"Gas, Water & Multi-utilities",4918
MAINYTL HOSPITALITY REIT,No,Real Estate Investment Trusts,9158
ACEYX PRECIOUS METALS BHD,No,Personal Goods,9770
MAINZECON BERHAD,Yes,Construction,3109
MAINZELAN BERHAD,Yes,Construction,2012
ACEZEN TECH INTERNATIONAL BERHAD,Yes,Software,6411
MAINZHULIAN CORPORATION BERHAD,Yes,Consumer Services,1398
